time_s,cmd_v,cmd_w,target_vL,target_vR,left_ticks,right_ticks,meas_vL,meas_vR,duty_L,duty_R
0.216,0.0000,0.0000,0.0000,0.0000,0,0,0.0000,0.0000,0.00,0.00
0.266,0.2000,0.0000,0.2000,0.2000,0,0,0.0000,0.0000,65.20,65.20
0.317,0.2000,0.0000,0.2000,0.2000,1,0,0.0340,0.0000,59.96,63.40
0.366,0.2000,0.0000,0.2000,0.2000,1,1,0.0340,0.0340,59.47,59.16
0.416,0.1817,0.0003,0.1817,0.1817,5,4,0.1702,0.1361,45.00,47.01
0.466,0.1803,0.0030,0.1801,0.1805,7,6,0.2042,0.2042,45.00,45.00
0.516,0.1803,0.0030,0.1801,0.1805,10,10,0.3063,0.3063,45.00,45.00
0.567,0.1335,-0.0911,0.1403,0.1267,13,13,0.2723,0.3063,45.00,45.00
0.617,0.1335,-0.0911,0.1403,0.1267,17,17,0.3403,0.3744,45.00,45.00
0.671,0.0773,-0.0903,0.0841,0.0706,19,20,0.3063,0.3403,45.00,45.00
0.716,0.0773,-0.0903,0.0841,0.0706,23,24,0.3403,0.3744,45.00,45.00
0.771,0.0773,-0.0903,0.0841,0.0706,27,28,0.3403,0.3744,45.00,45.00
0.816,0.0211,-0.0905,0.0279,0.0143,27,32,0.2723,0.4084,45.00,45.00
0.866,-0.0139,-0.6567,0.0354,-0.0631,29,35,0.2042,0.3744,45.00,45.00
0.916,-0.0139,-0.6567,0.0354,-0.0631,33,39,0.2042,0.3744,45.00,45.00
0.977,-0.0678,-0.5679,-0.0252,-0.1104,35,41,0.2723,0.3063,45.00,45.00
1.016,-0.0678,-0.5679,-0.0252,-0.1104,39,42,0.3403,0.2382,45.00,45.00
1.066,-0.0494,-0.2942,-0.0273,-0.0714,39,43,0.2042,0.1361,45.00,45.00
1.116,-0.0494,-0.2942,-0.0273,-0.0714,39,44,0.1361,0.1021,45.00,45.00
1.166,-0.0115,-0.4890,0.0252,-0.0482,39,45,0.0000,0.1021,47.54,45.00
1.216,-0.0115,-0.4890,0.0252,-0.0482,39,47,0.0000,0.1361,47.31,45.00
1.266,-0.0221,-0.8727,0.0433,-0.0876,39,48,0.0000,0.1361,49.05,45.00
1.316,-0.0221,-0.8727,0.0433,-0.0876,39,50,0.0000,0.1702,48.85,45.00
1.366,-0.0331,-1.1672,0.0545,-0.1206,39,51,0.0000,0.1361,49.89,45.00
1.416,-0.0331,-1.1672,0.0545,-0.1206,39,53,0.0000,0.1702,49.78,45.00
1.466,-0.0346,-1.3720,0.0683,-0.1375,39,54,0.0000,0.1361,51.14,45.00
1.518,-0.0346,-1.3720,0.0683,-0.1375,39,54,0.0000,0.1021,51.02,47.66
1.566,-0.0498,-1.4977,0.0625,-0.1621,39,55,0.0000,0.0681,50.42,53.03
1.617,-0.0498,-1.4977,0.0625,-0.1621,40,56,0.0340,0.0681,47.06,52.25
1.666,-0.1042,-1.4995,0.0083,-0.2166,41,57,0.0681,0.1021,45.00,53.97
1.718,-0.1042,-1.4995,0.0083,-0.2166,41,59,0.0681,0.1361,45.00,50.22
1.766,-0.1538,-1.4995,-0.0413,-0.2662,42,60,0.0681,0.1361,45.00,55.44
1.817,-0.1538,-1.4995,-0.0413,-0.2662,43,62,0.0681,0.1702,45.00,51.70
1.866,-0.2167,-1.4996,-0.1042,-0.3292,45,63,0.1361,0.1361,45.00,61.72
1.925,-0.2167,-1.4996,-0.1042,-0.3292,47,66,0.1702,0.2042,45.00,54.13
1.966,-0.2738,-1.4997,-0.1613,-0.3863,49,67,0.2042,0.1702,45.00,63.69
2.016,-0.2738,-1.4997,-0.1613,-0.3863,53,71,0.2723,0.2723,45.00,52.79
2.066,-0.2953,-1.4989,-0.1829,-0.4077,55,73,0.2723,0.2382,45.00,59.13
2.118,-0.2953,-1.4989,-0.1829,-0.4077,60,77,0.3744,0.3403,45.00,48.75
2.166,-0.2953,-1.4989,-0.1829,-0.4077,63,80,0.3403,0.3063,45.00,53.15
2.216,-0.2998,-1.4982,-0.1874,-0.4121,67,84,0.4084,0.3744,45.00,46.93
2.266,-0.2999,-1.4995,-0.1874,-0.4124,69,87,0.3063,0.3403,45.00,51.12
2.317,-0.2999,-1.4995,-0.1874,-0.4124,74,92,0.3744,0.4084,45.00,45.00
2.366,-0.2999,-1.4994,-0.1875,-0.4124,77,95,0.3403,0.3744,45.00,48.45
2.416,-0.2999,-1.4994,-0.1875,-0.4124,81,99,0.4084,0.4084,45.00,45.05
2.466,-0.3000,-1.4922,-0.1880,-0.4119,84,102,0.3403,0.3403,45.00,52.21
2.516,-0.3000,-1.4922,-0.1880,-0.4119,89,106,0.4084,0.3744,45.00,48.34
2.571,-0.3000,-1.4725,-0.1895,-0.4104,91,110,0.3403,0.3744,45.00,48.32
2.616,-0.3000,-1.4725,-0.1895,-0.4104,96,115,0.4084,0.4424,45.00,45.00
2.666,-0.3000,-1.4808,-0.1889,-0.4110,99,118,0.3403,0.4084,45.00,45.72
2.716,-0.3000,-1.4808,-0.1889,-0.4110,103,122,0.4084,0.4084,45.00,45.73
2.766,-0.3000,-1.3979,-0.1951,-0.4048,106,125,0.3403,0.3403,45.00,51.98
2.816,-0.3000,-1.3979,-0.1951,-0.4048,111,130,0.4084,0.4084,45.00,45.00
2.867,-0.3000,-1.4623,-0.1903,-0.4097,113,135,0.3403,0.4424,45.00,45.00
2.916,-0.3000,-1.4623,-0.1903,-0.4097,117,139,0.3744,0.4765,45.00,45.00
2.969,-0.3000,-1.3947,-0.1954,-0.4046,121,142,0.3403,0.4084,45.00,45.86
3.016,-0.3000,-1.3947,-0.1954,-0.4046,125,149,0.4084,0.4765,45.00,45.00
3.066,-0.3000,-1.3947,-0.1954,-0.4046,127,152,0.3403,0.4424,45.00,45.00
3.116,-0.3000,-1.4953,-0.1878,-0.4121,131,155,0.3403,0.4424,45.00,45.00
3.166,-0.3000,-1.4953,-0.1878,-0.4121,135,158,0.3403,0.3063,45.00,56.76
3.217,-0.3000,-1.4351,-0.1924,-0.4076,139,162,0.4084,0.3403,45.00,51.55
3.266,-0.3000,-1.2771,-0.2042,-0.3958,141,165,0.3403,0.3403,45.00,50.10
3.317,-0.3000,-1.2771,-0.2042,-0.3958,145,169,0.3403,0.3744,45.00,46.67
3.366,-0.3000,-1.2283,-0.2079,-0.3921,148,171,0.3063,0.3063,45.00,53.51
3.418,-0.3000,-1.2283,-0.2079,-0.3921,152,175,0.3744,0.3403,45.00,49.68
3.466,-0.3000,-1.1666,-0.2125,-0.3875,155,178,0.3403,0.3063,45.00,52.80
3.516,-0.3000,-1.1666,-0.2125,-0.3875,158,182,0.3403,0.3744,45.00,45.76
3.566,-0.3000,-1.1523,-0.2136,-0.3864,161,184,0.3063,0.3063,45.00,53.10
3.616,-0.3000,-1.1523,-0.2136,-0.3864,165,187,0.3403,0.3063,45.00,52.79
3.666,-0.3000,-0.9861,-0.2260,-0.3739,167,188,0.3063,0.2042,45.00,61.72
3.716,-0.3000,-0.9861,-0.2260,-0.3739,171,190,0.3403,0.2042,45.00,60.90
3.767,-0.3000,-0.6263,-0.2530,-0.3470,173,192,0.2723,0.1702,45.00,61.28
3.816,-0.3000,-0.6263,-0.2530,-0.3470,177,194,0.3403,0.2042,45.00,57.71
3.866,-0.3000,-0.3749,-0.2719,-0.3281,179,196,0.2723,0.2042,45.00,56.12
3.916,-0.3000,-0.3749,-0.2719,-0.3281,182,198,0.3063,0.2042,45.00,56.53
3.973,-0.3000,-0.3749,-0.2719,-0.3281,184,200,0.2382,0.2042,45.00,56.79
4.016,-0.3000,-0.2379,-0.2822,-0.3178,187,204,0.2723,0.2723,45.00,49.07
4.066,-0.3000,-0.0315,-0.2976,-0.3024,189,206,0.2382,0.2723,45.13,48.37
4.116,-0.3000,-0.0315,-0.2976,-0.3024,192,209,0.2723,0.3063,45.00,45.53
4.166,-0.3000,-0.0057,-0.2996,-0.3004,195,211,0.2723,0.2382,45.00,52.83
4.216,-0.3000,-0.0057,-0.2996,-0.3004,197,216,0.2723,0.3403,45.00,45.00
4.266,-0.3000,-0.0916,-0.2931,-0.3069,200,218,0.2723,0.3063,45.00,47.12
4.317,-0.3000,-0.0916,-0.2931,-0.3069,203,220,0.2723,0.3063,45.00,47.14
4.366,-0.3000,0.0481,-0.3036,-0.2964,205,221,0.2723,0.1702,45.00,59.84
4.416,-0.3000,0.0481,-0.3036,-0.2964,208,223,0.2723,0.1702,45.00,58.71
4.466,-0.3000,0.5117,-0.3384,-0.2616,211,225,0.2723,0.1702,45.56,54.70
4.516,-0.3000,0.5117,-0.3384,-0.2616,214,227,0.3063,0.2042,45.00,51.39
4.566,-0.3000,0.7559,-0.3567,-0.2433,217,229,0.3063,0.2042,45.00,49.96
4.616,-0.3000,0.7559,-0.3567,-0.2433,220,231,0.3063,0.2042,45.00,50.36
4.667,-0.3000,1.0261,-0.3770,-0.2230,222,234,0.2723,0.2382,49.28,45.09
4.716,-0.3000,1.0261,-0.3770,-0.2230,225,237,0.2723,0.2723,48.82,45.00
4.766,-0.3000,1.2614,-0.3946,-0.2054,227,238,0.2382,0.2382,53.86,45.00
4.816,-0.3000,1.2614,-0.3946,-0.2054,231,241,0.3063,0.2382,46.48,45.00
4.868,-0.3000,1.2481,-0.3936,-0.2064,233,243,0.2723,0.2042,50.26,48.26
4.916,-0.3000,1.2481,-0.3936,-0.2064,236,246,0.3063,0.2723,46.78,45.00
4.966,-0.3000,1.4263,-0.4070,-0.1930,238,247,0.2382,0.2042,55.36,47.06
5.016,-0.3000,1.4263,-0.4070,-0.1930,241,253,0.2723,0.3403,51.41,45.00
5.066,-0.3000,1.2419,-0.3931,-0.2069,243,255,0.2382,0.3063,53.58,45.00
5.116,-0.3000,1.2419,-0.3931,-0.2069,247,258,0.3063,0.3744,46.66,45.00
5.168,-0.3000,1.3749,-0.4031,-0.1969,249,260,0.2723,0.2382,51.77,45.40
5.216,-0.3000,1.3749,-0.4031,-0.1969,253,262,0.3403,0.2382,45.00,45.00
5.267,-0.3000,1.4997,-0.4125,-0.1875,257,264,0.3403,0.2042,46.49,46.48
5.316,-0.3000,1.4997,-0.4125,-0.1875,260,267,0.3744,0.2382,45.00,45.00
5.366,-0.3000,1.4998,-0.4125,-0.1875,263,269,0.3403,0.2382,47.25,45.00
5.417,-0.3000,1.4998,-0.4125,-0.1875,265,271,0.2723,0.2382,54.08,45.00
5.466,-0.3000,1.4999,-0.4125,-0.1875,268,274,0.2723,0.2382,53.48,45.00
5.516,-0.3000,1.4999,-0.4125,-0.1875,271,277,0.2723,0.2723,53.25,45.00
5.566,-0.3000,1.4999,-0.4125,-0.1875,274,280,0.3063,0.3063,49.77,45.00
5.618,-0.3000,1.4999,-0.4125,-0.1875,277,285,0.3063,0.3744,50.13,45.00
5.666,-0.3000,1.4998,-0.4125,-0.1875,281,287,0.3403,0.3403,46.92,45.00
5.716,-0.3000,1.4998,-0.4125,-0.1875,285,292,0.3744,0.4084,45.00,45.00
5.766,-0.3000,1.4992,-0.4124,-0.1876,287,295,0.3403,0.3403,47.97,45.00
5.816,-0.3000,1.4992,-0.4124,-0.1876,291,299,0.3403,0.4084,47.97,45.00
5.866,-0.3000,1.2514,-0.3938,-0.2061,295,306,0.3403,0.4765,46.13,45.00
5.916,-0.3000,1.2514,-0.3938,-0.2061,299,310,0.4084,0.5105,45.00,45.00
5.970,-0.3000,1.1042,-0.3828,-0.2172,303,314,0.4084,0.5105,45.00,45.00
6.017,-0.3000,1.1042,-0.3828,-0.2172,307,320,0.4084,0.4765,45.00,45.00
6.066,-0.3000,0.9593,-0.3719,-0.2280,309,323,0.3403,0.4424,45.58,45.00
6.117,-0.3000,0.9593,-0.3719,-0.2280,314,328,0.3744,0.4765,45.00,45.00
6.167,-0.3000,0.6850,-0.3514,-0.2486,315,331,0.2723,0.3744,50.07,45.00
6.216,-0.3000,0.6850,-0.3514,-0.2486,319,336,0.3403,0.4424,45.00,45.00
6.266,-0.3000,0.5492,-0.3412,-0.2588,322,339,0.2723,0.3744,48.68,45.00
6.316,-0.3000,0.5492,-0.3412,-0.2588,323,341,0.2723,0.3403,48.32,45.00
6.373,-0.3000,0.5492,-0.3412,-0.2588,326,343,0.2382,0.2382,51.61,47.84
6.416,-0.3000,0.0133,-0.3010,-0.2990,329,345,0.2382,0.2042,47.21,53.99
6.466,-0.3000,0.5435,-0.3408,-0.2592,331,346,0.2723,0.1702,48.03,52.07
6.516,-0.3000,0.5435,-0.3408,-0.2592,333,348,0.2382,0.1702,51.57,51.50
6.566,-0.3000,0.8073,-0.3605,-0.2394,335,348,0.2042,0.1021,56.78,56.14
6.616,-0.3000,0.8073,-0.3605,-0.2394,337,349,0.2042,0.1021,56.24,55.63
6.666,-0.3000,1.0686,-0.3801,-0.2198,339,350,0.2042,0.0681,58.02,56.90
6.716,-0.3000,1.0686,-0.3801,-0.2198,341,352,0.2042,0.1361,57.83,49.87
6.766,-0.3000,1.1923,-0.3894,-0.2106,343,353,0.2042,0.1361,58.75,49.55
6.816,-0.3000,1.1923,-0.3894,-0.2106,345,354,0.2042,0.1361,58.75,49.98
6.866,-0.3000,1.3161,-0.3987,-0.2013,345,355,0.1361,0.1021,66.66,52.73
6.917,-0.3000,1.3161,-0.3987,-0.2013,345,358,0.0681,0.1702,72.98,45.80
6.966,-0.3000,1.3161,-0.3987,-0.2013,347,359,0.0681,0.1702,72.22,46.43
7.016,-0.3000,0.9080,-0.3681,-0.2319,350,362,0.1702,0.2382,58.60,45.00
7.066,-0.3000,1.1668,-0.3875,-0.2125,353,363,0.2723,0.1702,51.50,48.41
7.117,-0.3000,1.1668,-0.3875,-0.2125,355,364,0.2723,0.1702,52.97,48.23
7.166,-0.3000,1.1668,-0.3875,-0.2125,357,364,0.2382,0.0681,57.20,58.47
7.216,-0.3000,1.4982,-0.4124,-0.1876,359,364,0.2042,0.0340,63.29,58.46
7.266,-0.3000,1.4990,-0.4124,-0.1876,359,366,0.1361,0.0681,69.79,54.54
7.316,-0.3000,1.4990,-0.4124,-0.1876,363,366,0.2042,0.0681,62.22,54.69
7.370,-0.3000,1.4999,-0.4125,-0.1875,364,366,0.1702,0.0681,66.06,54.81
7.416,-0.3000,1.4999,-0.4125,-0.1875,367,381,0.2723,0.5105,55.75,45.00
7.468,-0.3000,0.5486,-0.3411,-0.2589,369,391,0.2042,0.8508,56.46,45.00
7.516,-0.3000,0.5486,-0.3411,-0.2589,371,403,0.2382,1.2593,53.64,45.00
7.566,-0.3000,-1.4995,-0.1875,-0.4125,372,403,0.1702,0.7487,45.68,45.00
7.616,-0.3000,-1.4995,-0.1875,-0.4125,373,403,0.1361,0.4084,50.28,53.53
7.671,-0.3000,-1.4967,-0.1877,-0.4122,373,403,0.0681,0.0000,57.46,89.67
7.716,-0.3000,-1.4967,-0.1877,-0.4122,373,403,0.0340,0.0000,60.46,83.46
7.766,-0.3000,-1.4962,-0.1878,-0.4122,373,404,0.0000,0.0340,63.43,77.12
7.816,-0.3000,-1.4962,-0.1878,-0.4122,375,406,0.0681,0.1021,56.09,69.30
7.866,-0.3000,-1.4997,-0.1875,-0.4125,375,408,0.0681,0.1702,56.53,62.79
7.916,-0.3000,-1.4997,-0.1875,-0.4125,378,411,0.1702,0.2382,46.52,56.84
7.966,-0.3000,-1.4999,-0.1875,-0.4125,378,412,0.1021,0.2042,54.52,61.48
8.017,-0.3000,-1.4999,-0.1875,-0.4125,378,415,0.1021,0.2382,54.48,58.43
8.066,-0.3000,-1.4999,-0.1875,-0.4125,380,415,0.0681,0.1361,57.94,69.34
8.117,-0.3000,-1.4999,-0.1875,-0.4125,381,417,0.1021,0.1702,54.25,65.37
8.166,-0.3000,-1.4999,-0.1875,-0.4125,382,418,0.1361,0.1021,51.06,72.42
8.220,-0.3000,-1.4999,-0.1875,-0.4125,384,419,0.1361,0.1361,51.53,68.58
8.269,-0.3000,-1.4999,-0.1875,-0.4125,384,421,0.1021,0.1361,55.22,68.84
8.316,-0.3000,-1.4999,-0.1875,-0.4125,386,423,0.1361,0.1702,51.63,65.68
8.366,-0.3000,-1.5000,-0.1875,-0.4125,386,425,0.0681,0.2042,58.78,62.82
8.416,-0.3000,-1.5000,-0.1875,-0.4125,386,427,0.0681,0.2042,58.33,63.53
8.466,-0.3000,-1.5000,-0.1875,-0.4125,387,428,0.0340,0.1702,61.61,67.43
8.516,-0.3000,-1.5000,-0.1875,-0.4125,388,430,0.0681,0.1702,57.84,67.46
8.567,-0.3000,-1.5000,-0.1875,-0.4125,389,432,0.1021,0.1702,54.62,67.60
8.616,-0.3000,-1.5000,-0.1875,-0.4125,390,433,0.1021,0.1702,55.09,67.79
8.666,-0.3000,-1.5000,-0.1875,-0.4125,391,434,0.1021,0.1361,55.37,71.44
8.716,-0.3000,-1.5000,-0.1875,-0.4125,393,436,0.1361,0.1361,52.12,71.36
8.767,-0.3000,-1.5000,-0.1875,-0.4125,394,437,0.1361,0.1361,52.56,71.46
8.816,-0.3000,-1.5000,-0.1875,-0.4125,397,440,0.2042,0.2042,45.93,64.78
8.866,-0.3000,-1.5000,-0.1875,-0.4125,398,441,0.1702,0.1702,50.13,69.06
8.916,-0.3000,-1.5000,-0.1875,-0.4125,398,443,0.1361,0.2042,53.63,65.84
8.966,-0.3000,-1.5000,-0.1875,-0.4125,401,445,0.1361,0.1702,53.37,69.82
9.016,-0.3000,-1.5000,-0.1875,-0.4125,401,448,0.1021,0.2382,56.70,63.01
9.066,-0.3000,-1.5000,-0.1875,-0.4125,403,450,0.1702,0.2382,49.49,63.78
9.117,-0.3000,-1.5000,-0.1875,-0.4125,403,454,0.0681,0.3063,60.29,57.37
9.166,-0.3000,-1.5000,-0.1875,-0.4125,403,456,0.0681,0.2723,59.63,61.74
9.216,-0.3000,-1.5000,-0.1875,-0.4125,407,460,0.1361,0.3403,52.48,55.08
9.266,-0.3000,-1.5000,-0.1875,-0.4125,410,463,0.2382,0.3063,45.00,59.31
9.319,-0.3000,-1.5000,-0.1875,-0.4125,413,466,0.3403,0.3403,45.00,56.00
9.366,-0.3000,-1.5000,-0.1875,-0.4125,417,471,0.3403,0.3744,45.00,52.98
9.416,-0.3000,-1.5000,-0.1875,-0.4125,417,475,0.2382,0.4084,46.09,50.10
9.466,-0.3000,-1.5000,-0.1875,-0.4125,417,478,0.1361,0.4084,55.74,50.70
9.516,-0.3000,-1.5000,-0.1875,-0.4125,417,483,0.0000,0.4084,68.22,51.00
9.566,-0.3000,-1.5000,-0.1875,-0.4125,417,486,0.0000,0.3744,66.38,54.59
9.616,-0.3000,-1.5000,-0.1875,-0.4125,417,489,0.0000,0.3744,65.56,54.37
9.667,-0.3000,-1.5000,-0.1875,-0.4125,417,491,0.0000,0.2723,65.24,64.58
9.717,-0.3000,-1.5000,-0.1875,-0.4125,417,495,0.0000,0.3063,65.17,60.20
9.766,0.3000,-1.5000,0.4125,0.1875,417,498,0.0000,0.3063,86.66,45.00
9.816,0.3000,-1.5000,0.4125,0.1875,424,503,0.2382,0.4084,58.89,45.00
9.866,0.3000,-1.5000,0.4125,0.1875,427,503,0.3403,0.2723,49.07,45.00
9.916,0.2999,-1.5000,0.4124,0.1874,437,504,0.6807,0.2042,45.00,45.13
9.967,-0.3000,-1.5000,-0.1875,-0.4125,437,505,0.4424,0.0681,45.00,79.79
10.016,-0.3000,-1.5000,-0.1875,-0.4125,439,506,0.4084,0.1021,45.00,73.25
10.071,-0.3000,-1.5000,-0.1875,-0.4125,439,507,0.0681,0.1021,60.07,72.18
10.116,-0.3000,-1.5000,-0.1875,-0.4125,442,511,0.1702,0.2042,46.94,61.49
10.166,-0.3000,-1.5000,-0.1875,-0.4125,444,513,0.1702,0.2382,46.51,58.93
10.216,-0.3000,-1.5000,-0.1875,-0.4125,449,516,0.3403,0.3063,45.00,52.91
10.266,-0.3000,-1.5000,-0.1875,-0.4125,451,518,0.3063,0.2382,45.00,60.91
10.316,-0.3000,-1.5000,-0.1875,-0.4125,453,521,0.3063,0.2723,45.00,57.48
10.366,-0.3000,-1.5000,-0.1875,-0.4125,453,524,0.1361,0.2723,51.62,57.87
10.416,-0.3000,-1.5000,-0.1875,-0.4125,454,528,0.1021,0.3403,53.52,51.26
10.466,-0.3000,-1.5000,-0.1875,-0.4125,456,531,0.1021,0.3403,52.48,52.08
10.516,-0.3000,-1.5000,-0.1875,-0.4125,458,535,0.1702,0.3744,45.12,49.09
10.566,-0.3000,-1.5000,-0.1875,-0.4125,458,537,0.1361,0.3063,48.97,56.53
10.617,-0.3000,-1.5000,-0.1875,-0.4125,458,541,0.0681,0.3403,55.75,52.78
10.666,0.2999,-1.5000,0.4124,0.1874,461,544,0.1021,0.3063,76.34,45.00
10.716,0.2999,-1.5000,0.4124,0.1874,464,548,0.2042,0.3744,63.24,45.00
10.766,0.3000,-1.5000,0.4125,0.1875,465,549,0.2382,0.2723,59.48,45.00
10.816,0.3000,-1.5000,0.4125,0.1875,468,551,0.2382,0.2382,59.73,45.00
10.870,0.3000,-1.5000,0.4125,0.1875,470,553,0.2042,0.1702,63.38,47.85
10.917,0.3000,-1.5000,0.4125,0.1875,473,557,0.2723,0.2723,56.39,45.00
10.966,0.3000,-1.5000,0.4125,0.1875,476,560,0.2723,0.3063,57.05,45.00
11.016,0.3000,-1.5000,0.4125,0.1875,480,564,0.3403,0.3744,50.58,45.00
11.066,-0.0823,-1.5000,0.0302,-0.1948,483,567,0.3403,0.3403,45.00,45.00
11.116,-0.0823,-1.5000,0.0302,-0.1948,488,571,0.4084,0.3744,45.00,45.00
11.168,-0.2973,-1.5000,-0.1848,-0.4098,490,571,0.3403,0.2382,45.00,64.53
11.216,-0.2973,-1.5000,-0.1848,-0.4098,492,572,0.3063,0.1702,45.00,68.60
11.266,-0.3000,-1.5000,-0.1875,-0.4125,494,574,0.2042,0.1021,45.03,73.81
11.316,-0.3000,-1.5000,-0.1875,-0.4125,494,577,0.1361,0.2042,51.06,62.02
11.366,-0.2086,-1.5000,-0.0961,-0.3211,494,579,0.0681,0.2382,47.66,49.69
11.416,-0.2086,-1.5000,-0.0961,-0.3211,496,582,0.0681,0.2723,47.37,47.65
11.467,0.3000,-1.5000,0.4125,0.1875,496,584,0.0681,0.2382,79.79,45.00
11.518,0.3000,-1.5000,0.4125,0.1875,498,587,0.1361,0.2723,69.81,45.00
11.566,0.3000,-1.5000,0.4125,0.1875,498,587,0.0681,0.1702,75.92,47.72
11.616,0.3000,-1.5000,0.4125,0.1875,498,588,0.0681,0.1361,75.07,50.45
11.666,0.3000,-1.5000,0.4125,0.1875,498,590,0.0000,0.1021,81.68,53.23
11.717,0.3000,-1.5000,0.4125,0.1875,502,594,0.1361,0.2382,67.37,45.00
11.766,0.3000,-1.5000,0.4125,0.1875,504,597,0.2042,0.3063,61.64,45.00
11.816,0.3000,-1.5000,0.4125,0.1875,508,601,0.3403,0.3744,49.21,45.00
11.866,0.3000,-1.5000,0.4125,0.1875,511,604,0.3063,0.3403,54.64,45.00
11.916,0.3000,-1.5000,0.4125,0.1875,516,608,0.4084,0.3744,45.05,45.00
11.966,0.3000,-1.5000,0.4125,0.1875,519,611,0.3744,0.3403,49.83,45.00
12.016,0.3000,-1.5000,0.4125,0.1875,524,616,0.4424,0.4084,45.00,45.00
12.067,0.3000,-1.5000,0.4125,0.1875,527,619,0.3744,0.3744,51.00,45.00
12.116,0.3000,-1.5000,0.4125,0.1875,532,624,0.4424,0.4424,45.00,45.00
12.166,0.3000,-1.5000,0.4125,0.1875,536,628,0.4084,0.4084,47.87,45.00
12.216,0.3000,-1.5000,0.4125,0.1875,540,634,0.4424,0.5105,45.00,45.00
12.267,0.3000,-1.5000,0.4125,0.1875,544,637,0.4084,0.4424,48.08,45.00
12.316,0.3000,-1.5000,0.4125,0.1875,548,642,0.4084,0.4765,47.90,45.00
12.366,0.3000,-1.5000,0.4125,0.1875,552,645,0.4084,0.3744,47.81,45.00
12.417,0.3000,-1.5000,0.4125,0.1875,556,650,0.4084,0.4424,47.77,45.00
12.466,0.3000,-1.5000,0.4125,0.1875,560,654,0.4084,0.4084,47.75,45.00
12.516,0.3000,-1.5000,0.4125,0.1875,564,659,0.4084,0.4765,47.74,45.00
12.566,0.3000,-1.5000,0.4125,0.1875,568,662,0.4084,0.4084,47.74,45.00
12.617,0.3000,-1.5000,0.4125,0.1875,572,666,0.4084,0.4084,47.74,45.00
12.666,0.1826,-1.5000,0.2951,0.0701,576,670,0.4084,0.3744,45.00,45.00
12.716,0.1826,-1.5000,0.2951,0.0701,580,675,0.4084,0.4424,45.00,45.00
12.766,-0.1467,-1.5000,-0.0342,-0.2592,584,678,0.4084,0.4084,45.00,45.00
12.818,-0.1467,-1.5000,-0.0342,-0.2592,587,681,0.3744,0.3744,45.00,45.00
12.866,0.0084,-1.5000,0.1209,-0.1041,587,682,0.2382,0.2382,45.00,45.00
12.918,0.0084,-1.5000,0.1209,-0.1041,587,683,0.1021,0.1702,47.96,45.00
12.966,-0.0326,-1.5000,0.0799,-0.1451,588,683,0.0340,0.0681,49.93,54.12
13.017,-0.0326,-1.5000,0.0799,-0.1451,589,684,0.0681,0.0681,45.88,52.53
13.066,-0.2999,-1.5000,-0.1874,-0.4124,590,684,0.1021,0.0340,53.62,82.20
13.117,-0.2999,-1.5000,-0.1874,-0.4124,591,686,0.1021,0.1021,52.85,72.28
13.171,-0.1972,-1.5000,-0.0847,-0.3097,592,688,0.1021,0.1361,45.00,57.74
13.218,-0.1972,-1.5000,-0.0847,-0.3097,594,691,0.1361,0.2382,45.00,48.45
13.266,-0.0002,-1.5000,0.1123,-0.1127,596,693,0.1702,0.2382,45.00,45.00
13.317,-0.0002,-1.5000,0.1123,-0.1127,600,698,0.2723,0.3403,45.00,45.00
13.366,0.3000,-1.5000,0.4125,0.1875,600,700,0.2042,0.3063,67.71,45.00
13.416,0.3000,-1.5000,0.4125,0.1875,601,702,0.1702,0.3063,68.33,45.00
13.467,0.3000,-1.5000,0.4125,0.1875,605,706,0.1702,0.2723,66.72,45.00
13.516,0.3000,-1.5000,0.4125,0.1875,605,707,0.1702,0.2382,66.03,45.00
13.567,0.3000,-1.5000,0.4125,0.1875,607,708,0.2042,0.2042,62.37,45.00
13.616,0.3000,-1.5000,0.4125,0.1875,610,711,0.1702,0.1702,66.13,47.22
13.666,0.3000,-1.5000,0.4125,0.1875,612,714,0.2382,0.2382,59.21,45.00
13.717,0.3000,-1.5000,0.4125,0.1875,616,719,0.3063,0.3744,53.04,45.00
13.766,0.3000,-1.5000,0.4125,0.1875,619,722,0.3063,0.3744,54.10,45.00
13.816,0.3000,-1.5000,0.4125,0.1875,623,726,0.3744,0.4084,47.81,45.00
13.866,0.3000,-1.5000,0.4125,0.1875,626,729,0.3403,0.3403,52.20,45.00
13.917,0.3000,-1.5000,0.4125,0.1875,631,733,0.4084,0.3744,45.52,45.00
13.966,0.3000,-1.5000,0.4125,0.1875,634,736,0.3744,0.3403,49.70,45.00
14.017,0.3000,-1.5000,0.4125,0.1875,639,741,0.4424,0.4084,45.00,45.00
14.066,0.2970,-1.5000,0.4095,0.1845,641,744,0.3403,0.3744,53.56,45.00
14.118,0.2970,-1.5000,0.4095,0.1845,647,749,0.4424,0.4424,45.00,45.00
14.166,0.2999,-1.5000,0.4124,0.1874,649,752,0.3403,0.3744,53.95,45.00
14.216,0.2999,-1.5000,0.4124,0.1874,653,757,0.4084,0.4424,46.45,45.00
14.266,0.1071,-1.5000,0.2196,-0.0054,657,760,0.3403,0.3744,45.00,45.00
14.317,0.1071,-1.5000,0.2196,-0.0054,661,764,0.4084,0.4084,45.00,45.00
14.370,-0.3000,-1.5000,-0.1875,-0.4125,664,765,0.3744,0.2723,45.00,64.26
14.416,-0.3000,-1.5000,-0.1875,-0.4125,667,765,0.3403,0.1702,45.00,70.38
14.466,-0.3000,-1.5000,-0.1875,-0.4125,667,765,0.2042,0.0340,45.44,81.18
14.518,-0.3000,-1.5000,-0.1875,-0.4125,667,766,0.1021,0.0340,54.67,78.60
14.566,-0.3000,-1.5000,-0.1875,-0.4125,669,768,0.0681,0.1021,56.64,70.63
14.616,-0.3000,-1.5000,-0.1875,-0.4125,672,771,0.1702,0.2042,45.33,60.57
14.667,-0.3000,-1.5000,-0.1875,-0.4125,675,773,0.2723,0.2382,45.00,58.33
14.716,-0.3000,-1.5000,-0.1875,-0.4125,679,783,0.3403,0.5105,45.00,45.00
14.767,-0.3000,-1.5000,-0.1875,-0.4125,681,787,0.3063,0.5445,45.00,45.00
14.816,-0.3000,-1.5000,-0.1875,-0.4125,685,792,0.3403,0.6466,45.00,45.00
14.867,-0.1273,-1.5000,-0.0148,-0.2398,688,795,0.3063,0.4084,45.00,45.00
14.916,-0.1273,-1.5000,-0.0148,-0.2398,691,799,0.3403,0.4084,45.00,45.00
14.967,0.3000,-1.5000,0.4125,0.1875,693,802,0.2723,0.3403,59.16,45.00
15.018,0.3000,-1.5000,0.4125,0.1875,697,806,0.3063,0.3744,54.46,45.00
15.071,0.3000,-1.5000,0.4125,0.1875,697,806,0.2042,0.2382,64.52,45.00
15.116,0.3000,-1.5000,0.4125,0.1875,697,806,0.1361,0.1361,70.40,51.62
15.166,0.3000,-1.5000,0.4125,0.1875,699,807,0.0681,0.0340,76.27,60.56
15.216,0.3000,-1.5000,0.4125,0.1875,701,810,0.1361,0.1361,68.42,48.66
15.267,-0.0594,-1.5000,0.0531,-0.1719,703,812,0.2042,0.2042,45.00,45.00
15.316,-0.0594,-1.5000,0.0531,-0.1719,707,815,0.2723,0.2723,45.00,45.00
15.366,-0.3000,-1.5000,-0.1875,-0.4125,709,816,0.2723,0.2042,45.00,67.07
15.417,-0.3000,-1.5000,-0.1875,-0.4125,711,817,0.2723,0.1702,45.00,68.05
15.466,-0.3000,-1.5000,-0.1875,-0.4125,711,818,0.1361,0.1021,51.29,73.49
15.516,-0.3000,-1.5000,-0.1875,-0.4125,711,821,0.0681,0.1702,57.06,65.41
15.566,-0.1086,-1.5000,0.0039,-0.2211,713,823,0.0681,0.2042,0.00,45.00
15.621,-0.1086,-1.5000,0.0039,-0.2211,715,827,0.1361,0.3063,0.00,45.00
15.666,0.3000,-1.5000,0.4125,0.1875,717,830,0.2042,0.3063,66.04,45.00
15.716,0.3000,-1.5000,0.4125,0.1875,718,832,0.1702,0.3063,67.60,45.00
15.766,0.3000,-1.5000,0.4125,0.1875,722,833,0.2382,0.2042,59.59,45.00
15.818,0.3000,-1.5000,0.4125,0.1875,722,834,0.1702,0.1361,66.62,50.99
15.866,0.2084,-1.5000,0.3209,0.0959,724,835,0.2042,0.1021,53.50,45.00
15.917,0.2084,-1.5000,0.3209,0.0959,727,838,0.1702,0.1702,57.96,45.00
15.967,0.0027,-1.5000,0.1152,-0.1098,729,840,0.2382,0.2042,45.00,45.00
16.018,0.0027,-1.5000,0.1152,-0.1098,732,843,0.2723,0.2723,45.00,45.00
16.069,-0.3000,-1.5000,-0.1875,-0.4125,734,843,0.2382,0.1702,45.00,71.31
16.117,-0.3000,-1.5000,-0.1875,-0.4125,736,843,0.2382,0.1021,45.00,74.96
16.166,-0.3000,-1.5000,-0.1875,-0.4125,736,844,0.1361,0.0340,50.85,79.73
16.217,-0.3000,-1.5000,-0.1875,-0.4125,738,847,0.1361,0.1361,50.00,67.91
16.266,-0.3000,-1.5000,-0.1875,-0.4125,738,848,0.0681,0.1702,56.48,64.82
16.317,-0.3000,-1.5000,-0.1875,-0.4125,742,852,0.2042,0.2723,45.00,55.13
16.373,-0.3000,-1.5000,-0.1875,-0.4125,744,854,0.2042,0.2382,45.00,59.92
16.417,-0.3000,-1.5000,-0.1875,-0.4125,748,858,0.3403,0.3403,45.00,50.04
16.467,-0.3000,-1.5000,-0.1875,-0.4125,750,861,0.2723,0.3063,45.00,54.71
16.517,-0.3000,-1.5000,-0.1875,-0.4125,754,866,0.3403,0.4084,45.00,45.00
16.568,-0.2999,-1.5000,-0.1874,-0.4124,756,870,0.2723,0.4084,45.00,45.88
16.616,-0.2999,-1.5000,-0.1874,-0.4124,760,874,0.3403,0.4424,45.00,45.00
16.667,-0.2956,-1.5000,-0.1831,-0.4081,764,877,0.3403,0.3744,45.00,50.04
16.716,-0.2956,-1.5000,-0.1831,-0.4081,768,882,0.4084,0.4084,45.00,46.31
16.766,-0.3000,-1.5000,-0.1875,-0.4125,771,885,0.3744,0.3744,45.00,50.37
16.817,-0.3000,-1.5000,-0.1875,-0.4125,776,890,0.4084,0.4424,45.00,45.00
16.866,-0.3000,-1.5000,-0.1875,-0.4125,778,893,0.3403,0.3744,45.00,50.62
16.916,-0.3000,-1.5000,-0.1875,-0.4125,783,897,0.4084,0.4084,45.00,46.81
16.967,-0.3000,-1.5000,-0.1875,-0.4125,786,900,0.3403,0.3403,45.00,53.82
17.017,-0.3000,-1.5000,-0.1875,-0.4125,790,905,0.4084,0.4084,45.00,46.40
17.066,-0.3000,-1.5000,-0.1875,-0.4125,794,908,0.3744,0.3744,45.00,50.22
17.116,-0.3000,-1.5000,-0.1875,-0.4125,796,913,0.3403,0.4424,45.00,45.00
17.167,-0.3000,-1.5000,-0.1875,-0.4125,799,916,0.3063,0.3744,45.00,50.68
17.217,-0.3000,-1.5000,-0.1875,-0.4125,804,920,0.3403,0.4084,45.00,46.90
17.266,-0.3000,-1.5000,-0.1875,-0.4125,807,924,0.3744,0.3744,45.00,50.49
17.317,-0.3000,-1.5000,-0.1875,-0.4125,812,928,0.4424,0.4084,45.00,46.83
17.366,-0.3000,-1.5000,-0.1875,-0.4125,814,931,0.3403,0.3744,45.00,50.48
17.416,-0.3000,-1.5000,-0.1875,-0.4125,819,935,0.4084,0.3744,45.00,50.28
17.466,-0.3000,-1.5000,-0.1875,-0.4125,822,938,0.3403,0.3403,45.00,53.64
17.516,-0.3000,-1.5000,-0.1875,-0.4125,826,943,0.4084,0.4084,45.00,46.43
17.566,-0.3000,-1.5000,-0.1875,-0.4125,829,946,0.3403,0.3744,45.00,50.36
17.616,-0.3000,-1.5000,-0.1875,-0.4125,832,951,0.3403,0.4424,45.00,45.00
17.666,-0.3000,-1.5000,-0.1875,-0.4125,834,954,0.2723,0.3744,45.00,50.90
17.717,-0.3000,-1.5000,-0.1875,-0.4125,840,959,0.3744,0.4424,45.00,45.00
17.766,-0.3000,-1.5000,-0.1875,-0.4125,842,962,0.3403,0.3744,45.00,51.04
17.819,-0.3000,-1.5000,-0.1875,-0.4125,848,967,0.4765,0.4424,45.00,45.00
17.866,-0.3000,-1.5000,-0.1875,-0.4125,851,970,0.3744,0.3744,45.00,51.08
17.917,-0.3000,-1.5000,-0.1875,-0.4125,856,975,0.4765,0.4424,45.00,45.00
17.967,-0.3000,-1.5000,-0.1875,-0.4125,858,978,0.3403,0.3744,45.00,51.09
18.020,-0.3000,-1.5000,-0.1875,-0.4125,863,982,0.4084,0.4084,45.00,47.24
18.067,-0.3000,-1.5000,-0.1875,-0.4125,866,986,0.3403,0.3744,45.00,50.80
18.121,-0.3000,-1.5000,-0.1875,-0.4125,870,991,0.4084,0.4424,45.00,45.00
18.166,-0.3000,-1.5000,-0.1875,-0.4125,874,994,0.3744,0.4084,45.00,47.62
18.217,-0.3000,-1.5000,-0.1875,-0.4125,878,999,0.4084,0.4424,45.00,45.00
18.266,-0.3000,-1.5000,-0.1875,-0.4125,882,1002,0.4084,0.3744,45.00,51.27
18.317,-0.3000,-1.5000,-0.1875,-0.4125,886,1007,0.4084,0.4424,45.00,45.00
18.369,-0.3000,-1.5000,-0.1875,-0.4125,890,1010,0.4084,0.3744,45.00,51.17
18.417,-0.3000,-1.5000,-0.1875,-0.4125,894,1014,0.4084,0.4084,45.00,47.30
18.466,-0.3000,-1.5000,-0.1875,-0.4125,897,1017,0.3744,0.3403,45.00,54.28
18.517,-0.3000,-1.5000,-0.1875,-0.4125,901,1022,0.3744,0.4084,45.00,46.85
18.566,-0.3000,-1.5000,-0.1875,-0.4125,904,1025,0.3403,0.3744,45.00,50.66
18.616,-0.3000,-1.5000,-0.1875,-0.4125,908,1031,0.3744,0.4765,45.00,45.00
18.667,-0.3000,-1.5000,-0.1875,-0.4125,912,1034,0.3744,0.4084,45.00,47.98
18.716,-0.3000,-1.5000,-0.1875,-0.4125,914,1037,0.3403,0.4084,45.00,47.77
18.766,-0.3000,-1.5000,-0.1875,-0.4125,918,1037,0.3403,0.2042,45.00,68.30
18.816,-0.3000,-1.5000,-0.1875,-0.4125,918,1039,0.2042,0.1702,45.00,69.85
18.867,-0.3000,-1.5000,-0.1875,-0.4125,920,1039,0.2042,0.0681,45.00,79.01
18.916,-0.3000,-1.5000,-0.1875,-0.4125,921,1040,0.1021,0.1021,46.03,74.21
18.966,-0.3000,-1.5000,-0.1875,-0.4125,922,1041,0.1361,0.0681,45.00,77.44
19.016,-0.3000,-1.5000,-0.1875,-0.4125,924,1043,0.1361,0.1361,45.00,70.31
19.070,-0.3000,-1.5000,-0.1875,-0.4125,925,1044,0.1361,0.1361,45.00,70.97
19.117,-0.3000,-1.5000,-0.1875,-0.4125,926,1045,0.1361,0.1361,45.00,71.43
19.167,-0.3000,-1.5000,-0.1875,-0.4125,927,1046,0.1021,0.1021,45.00,75.24
19.218,-0.3000,-1.5000,-0.1875,-0.4125,928,1048,0.1021,0.1361,45.00,71.82
19.266,-0.3000,-1.5000,-0.1875,-0.4125,928,1050,0.0681,0.1702,47.34,68.85
19.317,-0.3000,-1.5000,-0.1875,-0.4125,928,1052,0.0340,0.2042,50.47,66.10
19.366,-0.3000,-1.5000,-0.1875,-0.4125,929,1053,0.0340,0.1702,50.07,70.30
19.417,-0.3000,-1.5000,-0.1875,-0.4125,930,1054,0.0681,0.1361,46.51,73.92
19.466,-0.3000,-1.5000,-0.1875,-0.4125,931,1055,0.1021,0.1021,45.00,77.26
19.516,-0.3000,-1.5000,-0.1875,-0.4125,932,1057,0.1021,0.1361,45.00,73.61
19.566,-0.3000,-1.5000,-0.1875,-0.4125,933,1058,0.1021,0.1361,45.00,73.96
19.618,-0.3000,-1.5000,-0.1875,-0.4125,934,1060,0.1021,0.1702,45.00,70.84
19.666,-0.3000,-1.5000,-0.1875,-0.4125,935,1060,0.1021,0.1021,45.00,78.32
19.716,-0.3000,-1.5000,-0.1875,-0.4125,936,1062,0.1021,0.1361,45.00,74.69
19.766,-0.3000,-1.5000,-0.1875,-0.4125,937,1063,0.1021,0.1021,45.00,78.50
19.816,-0.3000,-1.5000,-0.1875,-0.4125,938,1064,0.1021,0.1361,45.00,75.07
19.866,-0.3000,-1.5000,-0.1875,-0.4125,939,1066,0.1021,0.1361,45.00,75.54
19.916,-0.3000,-1.5000,-0.1875,-0.4125,940,1069,0.1021,0.2042,45.04,69.04
19.966,-0.3000,-1.5000,-0.1875,-0.4125,940,1071,0.0681,0.2382,48.56,66.54
20.016,-0.3000,-1.5000,-0.1875,-0.4125,942,1074,0.1021,0.2723,45.00,63.98
20.066,-0.2828,-1.5000,-0.1703,-0.3953,942,1076,0.0681,0.2382,46.87,66.52
20.116,-0.2828,-1.5000,-0.1703,-0.3953,942,1078,0.0681,0.2382,46.88,66.85
20.168,0.3000,-1.5000,0.4125,0.1875,942,1080,0.0000,0.2042,86.66,45.00
20.216,0.3000,-1.5000,0.4125,0.1875,942,1082,0.0000,0.2042,82.95,45.00
20.266,0.3000,-1.5000,0.4125,0.1875,944,1083,0.0681,0.1702,74.42,46.97
20.316,0.3000,-1.5000,0.4125,0.1875,946,1085,0.1361,0.1702,67.54,46.69
20.375,0.3000,-1.5000,0.4125,0.1875,948,1088,0.2042,0.2042,61.45,45.00
20.416,0.3000,-1.5000,0.4125,0.1875,952,1091,0.2723,0.2723,55.72,45.00
20.466,0.3000,-1.5000,0.4125,0.1875,954,1094,0.2723,0.3063,57.00,45.00
20.517,0.3000,-1.5000,0.4125,0.1875,958,1099,0.3403,0.3744,50.84,45.00
20.573,0.3000,-1.5000,0.4125,0.1875,962,1102,0.3403,0.3744,51.88,45.00
20.617,0.3000,-1.5000,0.4125,0.1875,966,1106,0.4084,0.4084,45.56,45.00
20.666,0.3000,-1.5000,0.4125,0.1875,969,1109,0.3744,0.3403,49.93,45.00
20.716,0.3000,-1.5000,0.4125,0.1875,974,1113,0.4084,0.3744,46.65,45.00
20.766,0.3000,-1.5000,0.4125,0.1875,977,1116,0.3744,0.3403,50.49,45.00
20.816,0.3000,-1.5000,0.4125,0.1875,982,1121,0.4424,0.4084,45.00,45.00
20.866,0.3000,-1.5000,0.4125,0.1875,984,1124,0.3403,0.3744,54.41,45.00
20.916,0.3000,-1.5000,0.4125,0.1875,989,1129,0.4084,0.4424,46.89,45.00
20.966,0.3000,-1.5000,0.4125,0.1875,992,1132,0.3403,0.3744,54.09,45.00
21.017,0.3000,-1.5000,0.4125,0.1875,996,1136,0.4084,0.4084,46.77,45.00
21.066,0.2998,-1.5000,0.4123,0.1873,999,1140,0.3403,0.3744,54.05,45.00
21.117,0.2998,-1.5000,0.4123,0.1873,1004,1144,0.4084,0.4084,46.78,45.00
21.172,0.0308,-1.5000,0.1433,-0.0817,1008,1147,0.4084,0.3744,45.00,45.00
21.217,0.0308,-1.5000,0.1433,-0.0817,1012,1151,0.4424,0.3744,45.00,45.00
21.266,-0.3000,-1.5000,-0.1875,-0.4125,1015,1151,0.3744,0.2382,45.00,66.40
21.317,-0.3000,-1.5000,-0.1875,-0.4125,1016,1151,0.2723,0.1361,45.00,72.95
21.366,-0.3000,-1.5000,-0.1875,-0.4125,1018,1152,0.2042,0.0340,45.00,80.55
21.417,-0.3000,-1.5000,-0.1875,-0.4125,1019,1154,0.1361,0.1021,50.96,71.54
21.466,-0.3000,-1.5000,-0.1875,-0.4125,1020,1155,0.1361,0.1361,49.97,67.84
21.517,-0.3000,-1.5000,-0.1875,-0.4125,1024,1159,0.2042,0.2382,45.00,57.85
21.566,-0.3000,-1.5000,-0.1875,-0.4125,1026,1161,0.2382,0.2382,45.00,59.07
21.616,-0.3000,-1.5000,-0.1875,-0.4125,1030,1165,0.3403,0.3403,45.00,49.46
21.666,-0.3000,-1.5000,-0.1875,-0.4125,1033,1167,0.3063,0.2723,45.00,57.69
21.716,-0.3000,-1.5000,-0.1875,-0.4125,1038,1173,0.4084,0.4084,45.00,45.00
21.766,-0.3000,-1.5000,-0.1875,-0.4125,1040,1176,0.3403,0.3744,45.00,48.82
21.816,-0.3000,-1.5000,-0.1875,-0.4125,1044,1180,0.3744,0.4424,45.00,45.00
21.866,-0.3000,-1.5000,-0.1875,-0.4125,1048,1183,0.3403,0.3403,45.00,53.44
21.916,-0.3000,-1.5000,-0.1875,-0.4125,1050,1188,0.3403,0.4084,45.00,46.04
21.966,-0.3000,-1.5000,-0.1875,-0.4125,1053,1191,0.3063,0.3744,45.00,49.87
22.016,-0.3000,-1.5000,-0.1875,-0.4125,1058,1196,0.3403,0.4424,45.00,45.00
22.073,-0.3000,-1.5000,-0.1875,-0.4125,1060,1199,0.3403,0.3744,45.00,50.33
22.116,-0.3000,-1.5000,-0.1875,-0.4125,1065,1203,0.4084,0.4084,45.00,46.55
22.166,-0.3000,-1.5000,-0.1875,-0.4125,1068,1206,0.3403,0.3403,45.00,53.58
22.216,-0.3000,-1.5000,-0.1875,-0.4125,1073,1211,0.4424,0.4084,45.00,46.18
22.267,-0.3000,-1.5000,-0.1875,-0.4125,1076,1214,0.3744,0.3744,45.00,50.00
22.317,-0.3000,-1.5000,-0.1875,-0.4125,1081,1219,0.4424,0.4424,45.00,45.00
22.369,-0.3000,-1.5000,-0.1875,-0.4125,1084,1222,0.3744,0.3744,45.00,50.46
22.416,-0.3000,-1.5000,-0.1875,-0.4125,1088,1227,0.4084,0.4424,45.00,45.00
22.466,-0.3000,-1.5000,-0.1875,-0.4125,1092,1231,0.3744,0.4084,45.00,47.14
22.517,-0.3000,-1.5000,-0.1875,-0.4125,1096,1235,0.4084,0.4424,45.00,45.00
22.569,-0.3000,-1.5000,-0.1875,-0.4125,1101,1238,0.4424,0.3744,45.00,50.75
22.626,-0.3000,-1.5000,-0.1875,-0.4125,1104,1240,0.4084,0.3063,45.00,57.13
22.667,-0.3000,-1.5000,-0.1875,-0.4125,1107,1242,0.3744,0.2382,45.00,63.17
22.716,-0.3000,-1.5000,-0.1875,-0.4125,1108,1243,0.2382,0.1702,45.00,69.06
22.766,-0.3000,-1.5000,-0.1875,-0.4125,1109,1244,0.1702,0.1361,45.00,71.48
22.817,-0.3000,-1.5000,-0.1875,-0.4125,1111,1245,0.1361,0.1021,46.90,74.23
22.866,-0.3000,-1.5000,-0.1875,-0.4125,1112,1247,0.1361,0.1361,45.89,70.27
22.916,-0.3000,-1.5000,-0.1875,-0.4125,1113,1249,0.1361,0.1702,45.40,67.04
22.966,-0.3000,-1.5000,-0.1875,-0.4125,1115,1251,0.1361,0.2042,45.18,64.15
23.016,-0.3000,-1.5000,-0.1875,-0.4125,1115,1253,0.1021,0.2042,48.54,64.85
23.066,-0.3000,-1.5000,-0.1875,-0.4125,1117,1255,0.1361,0.2042,45.00,65.31
23.117,-0.3000,-1.5000,-0.1875,-0.4125,1117,1258,0.0681,0.2382,51.84,62.20
23.174,-0.3000,-1.5000,-0.1875,-0.4125,1117,1260,0.0681,0.2382,51.35,62.78
23.216,-0.3000,-1.5000,-0.1875,-0.4125,1117,1264,0.0000,0.3063,58.04,56.28
